row_type,event_id,event_type,event_label_ko,count,frame,time_sec,team_id,team_name,shot_made_count,shot_missed_count,pass_count,rebound_count,steal_or_block_count,shot_success_rate_pct,possession_frame_count,possession_time_sec,possession_pct,player_track_id,secondary_track_id,confidence,details
total_summary,,all_totals,전체종합,417,,,all,all,83.0,59.0,139.0,51.0,85.0,58.45,15523.0,517.433,100.0,,,,wide_team_event_totals
team_summary,,team_totals,팀별종합,190,,,1,team_1,35.0,16.0,79.0,20.0,40.0,68.63,8756.0,291.867,56.41,,,,wide_team_event_totals
team_summary,,team_totals,팀별종합,195,,,2,team_2,34.0,31.0,60.0,25.0,45.0,52.31,6767.0,225.567,43.59,,,,wide_team_event_totals
event_summary,,shot_made,슛성공,83,,,all,all,,,,,,,,,,,,,total_count
event_summary,,shot_missed,슛실패,59,,,all,all,,,,,,,,,,,,,total_count
event_summary,,pass,패스,139,,,all,all,,,,,,,,,,,,,total_count
event_summary,,rebound,리바운드,51,,,all,all,,,,,,,,,,,,,total_count
event_summary,,steal_or_block,스틸/블락,85,,,all,all,,,,,,,,,,,,,total_count
team_event_summary,,shot_made,슛성공,35,,,1,team_1,,,,,,,,,,,,,team_count
team_event_summary,,shot_missed,슛실패,16,,,1,team_1,,,,,,,,,,,,,team_count
team_event_summary,,pass,패스,79,,,1,team_1,,,,,,,,,,,,,team_count
team_event_summary,,rebound,리바운드,20,,,1,team_1,,,,,,,,,,,,,team_count
team_event_summary,,steal_or_block,스틸/블락,40,,,1,team_1,,,,,,,,,,,,,team_count
team_event_summary,,shot_made,슛성공,34,,,2,team_2,,,,,,,,,,,,,team_count
team_event_summary,,shot_missed,슛실패,31,,,2,team_2,,,,,,,,,,,,,team_count
team_event_summary,,pass,패스,60,,,2,team_2,,,,,,,,,,,,,team_count
team_event_summary,,rebound,리바운드,25,,,2,team_2,,,,,,,,,,,,,team_count
team_event_summary,,steal_or_block,스틸/블락,45,,,2,team_2,,,,,,,,,,,,,team_count
note,,measurement_note,측정메모,,,,,,,,,,,,,,,,,,객체 박스와 공 궤적 기반 추정값입니다. 스틸/블락은 상대팀으로 공 점유가 바뀌는 상황을 함께 집계합니다.
event,E00001,pass,패스,,233,7.767,2,team_2,,,,,,,,,,163,149,0.59,stable_possession_changed_same_team;gap_frames=1;left_frames=9;right_frames=6
event,E00002,shot_made,슛성공,,372,12.4,,unknown,,,,,,,,,,322,,0.7,ball_crossed_rim_zone
event,E00003,pass,패스,,453,15.1,1,team_1,,,,,,,,,,415,356,0.68,stable_possession_changed_same_team;gap_frames=1;left_frames=19;right_frames=17
event,E00004,pass,패스,,492,16.4,1,team_1,,,,,,,,,,356,415,0.62,stable_possession_changed_same_team;gap_frames=23;left_frames=17;right_frames=8
event,E00005,pass,패스,,555,18.5,1,team_1,,,,,,,,,,517,426,0.65,stable_possession_changed_same_team;gap_frames=1;left_frames=27;right_frames=10
event,E00006,shot_made,슛성공,,717,23.9,1,team_1,,,,,,,,,,468,,0.7,ball_crossed_rim_zone
event,E00007,steal_or_block,스틸/블락,,849,28.3,1,team_1,,,,,,,,,,939,953,0.565,stable_possession_changed_opponent_team;gap_frames=25;left_frames=9;right_frames=7
event,E00008,pass,패스,,881,29.367,1,team_1,,,,,,,,,,944,939,0.605,stable_possession_changed_same_team;gap_frames=26;left_frames=7;right_frames=8
event,E00009,shot_made,슛성공,,1060,35.333,2,team_2,,,,,,,,,,1402,,0.629,ball_crossed_rim_zone
event,E00010,shot_missed,슛실패,,1271,42.367,1,team_1,,,,,,,,,,426,,0.465,near_rim_no_make_detected
event,E00011,rebound,리바운드,,1280,42.667,1,team_1,,,,,,,,,,426,,0.5,offensive_rebound_after_missed_shot_frame=1271
event,E00012,steal_or_block,스틸/블락,,1334,44.467,1,team_1,,,,,,,,,,1450,1870,0.58,stable_opponent_possession_after_missed_shot_or_block;gap_frames=4;left_frames=11;right_frames=8
event,E00013,shot_made,슛성공,,1476,49.2,,unknown,,,,,,,,,,2102,,0.624,ball_crossed_rim_zone
event,E00014,pass,패스,,1519,50.633,1,team_1,,,,,,,,,,1938,1535,0.65,stable_possession_changed_same_team;gap_frames=1;left_frames=10;right_frames=28
event,E00015,steal_or_block,스틸/블락,,1566,52.2,2,team_2,,,,,,,,,,1980,1938,0.64,stable_possession_changed_opponent_team;gap_frames=20;left_frames=28;right_frames=14
event,E00016,steal_or_block,스틸/블락,,1619,53.967,2,team_2,,,,,,,,,,1980,2251,0.565,stable_possession_changed_opponent_team;gap_frames=1;left_frames=9;right_frames=7
event,E00017,shot_made,슛성공,,1791,59.7,1,team_1,,,,,,,,,,2468,,0.7,ball_crossed_rim_zone
event,E00018,steal_or_block,스틸/블락,,2285,76.167,2,team_2,,,,,,,,,,2944,2992,0.595,stable_possession_changed_opponent_team;gap_frames=56;left_frames=10;right_frames=9
event,E00019,steal_or_block,스틸/블락,,2329,77.633,1,team_1,,,,,,,,,,2946,3077,0.625,stable_possession_changed_opponent_team;gap_frames=1;left_frames=13;right_frames=11
event,E00020,shot_made,슛성공,,2457,81.9,,unknown,,,,,,,,,,3395,,0.7,ball_crossed_rim_zone
event,E00021,shot_made,슛성공,,2697,89.9,2,team_2,,,,,,,,,,3654,,0.7,ball_crossed_rim_zone
event,E00022,shot_made,슛성공,,2787,92.9,2,team_2,,,,,,,,,,3723,,0.7,ball_crossed_rim_zone
event,E00023,shot_missed,슛실패,,2837,94.567,1,team_1,,,,,,,,,,3787,,0.375,near_rim_no_make_detected
event,E00024,rebound,리바운드,,2866,95.533,1,team_1,,,,,,,,,,3922,,0.5,offensive_rebound_after_missed_shot_frame=2837
event,E00025,pass,패스,,3001,100.033,1,team_1,,,,,,,,,,3802,3684,0.605,stable_possession_changed_same_team;gap_frames=1;left_frames=7;right_frames=7
event,E00026,pass,패스,,3029,100.967,1,team_1,,,,,,,,,,3802,3684,0.68,stable_possession_changed_same_team;gap_frames=1;left_frames=21;right_frames=39
event,E00027,pass,패스,,3097,103.233,1,team_1,,,,,,,,,,4143,3728,0.68,stable_possession_changed_same_team;gap_frames=1;left_frames=12;right_frames=14
event,E00028,pass,패스,,3250,108.333,1,team_1,,,,,,,,,,3802,4193,0.68,stable_possession_changed_same_team;gap_frames=7;left_frames=13;right_frames=19
event,E00029,shot_missed,슛실패,,3425,114.167,2,team_2,,,,,,,,,,4622,,0.315,near_rim_no_make_detected
event,E00030,rebound,리바운드,,3429,114.3,2,team_2,,,,,,,,,,4839,,0.5,offensive_rebound_after_missed_shot_frame=3425
event,E00031,shot_made,슛성공,,3501,116.7,,unknown,,,,,,,,,,66539,,0.435,ball_crossed_rim_zone
event,E00032,steal_or_block,스틸/블락,,3888,129.6,2,team_2,,,,,,,,,,5362,5380,0.64,stable_possession_changed_opponent_team;gap_frames=37;left_frames=29;right_frames=54
event,E00033,pass,패스,,3956,131.867,1,team_1,,,,,,,,,,5474,5365,0.635,stable_possession_changed_same_team;gap_frames=1;left_frames=9;right_frames=11
event,E00034,steal_or_block,스틸/블락,,3967,132.233,2,team_2,,,,,,,,,,5476,5474,0.58,stable_possession_changed_opponent_team;gap_frames=1;left_frames=11;right_frames=8
event,E00035,pass,패스,,4012,133.733,1,team_1,,,,,,,,,,5531,5474,0.605,stable_possession_changed_same_team;gap_frames=3;left_frames=35;right_frames=7
event,E00036,shot_missed,슛실패,,4052,135.067,1,team_1,,,,,,,,,,5531,,0.315,near_rim_no_make_detected
event,E00037,rebound,리바운드,,4103,136.767,2,team_2,,,,,,,,,,5563,,0.5,defensive_rebound_after_missed_shot_frame=4052
event,E00038,pass,패스,,4136,137.867,2,team_2,,,,,,,,,,5476,5594,0.635,stable_possession_changed_same_team;gap_frames=2;left_frames=9;right_frames=24
event,E00039,steal_or_block,스틸/블락,,4210,140.333,1,team_1,,,,,,,,,,5531,5594,0.58,stable_possession_changed_opponent_team;gap_frames=1;left_frames=25;right_frames=8
event,E00040,pass,패스,,4331,144.367,2,team_2,,,,,,,,,,5476,5594,0.59,stable_possession_changed_same_team;gap_frames=1;left_frames=29;right_frames=6
event,E00041,shot_made,슛성공,,4404,146.8,2,team_2,,,,,,,,,,5899,,0.45,ball_crossed_rim_zone
event,E00042,steal_or_block,스틸/블락,,4697,156.567,2,team_2,,,,,,,,,,6166,6148,0.55,stable_possession_changed_opponent_team;gap_frames=1;left_frames=57;right_frames=6
event,E00043,shot_missed,슛실패,,4938,164.6,2,team_2,,,,,,,,,,6416,,0.405,near_rim_no_make_detected
event,E00044,pass,패스,,4976,165.867,2,team_2,,,,,,,,,,6141,6416,0.65,stable_possession_changed_same_team;gap_frames=1;left_frames=49;right_frames=10
event,E00045,rebound,리바운드,,4976,165.867,2,team_2,,,,,,,,,,6141,,0.5,offensive_rebound_after_missed_shot_frame=4938
event,E00046,steal_or_block,스틸/블락,,5030,167.667,1,team_1,,,,,,,,,,6138,6141,0.595,stable_possession_changed_opponent_team;gap_frames=45;left_frames=10;right_frames=9
event,E00047,pass,패스,,5062,168.733,1,team_1,,,,,,,,,,6548,6547,0.65,stable_possession_changed_same_team;gap_frames=1;left_frames=10;right_frames=24
event,E00048,pass,패스,,5086,169.533,1,team_1,,,,,,,,,,6542,6548,0.68,stable_possession_changed_same_team;gap_frames=1;left_frames=24;right_frames=17
event,E00049,shot_missed,슛실패,,5223,174.1,,,,,,,,,,,,,,0.345,near_rim_no_make_detected
event,E00050,rebound,리바운드,,5248,174.933,2,team_2,,,,,,,,,,7120,,0.5,defensive_rebound_after_missed_shot_frame=5223
event,E00051,shot_made,슛성공,,5287,176.233,2,team_2,,,,,,,,,,7070,,0.595,ball_crossed_rim_zone
event,E00052,shot_missed,슛실패,,5413,180.433,2,team_2,,,,,,,,,,7449,,0.486,near_rim_no_make_detected
event,E00053,rebound,리바운드,,5415,180.5,2,team_2,,,,,,,,,,7449,,0.5,offensive_rebound_after_missed_shot_frame=5413
event,E00054,steal_or_block,스틸/블락,,5441,181.367,1,team_1,,,,,,,,,,7496,7449,0.55,stable_opponent_possession_after_missed_shot_or_block;gap_frames=19;left_frames=6;right_frames=6
event,E00055,shot_missed,슛실패,,5490,183.0,2,team_2,,,,,,,,,,7542,,0.375,near_rim_no_make_detected
event,E00056,pass,패스,,5970,199.0,2,team_2,,,,,,,,,,8453,8451,0.59,stable_possession_changed_same_team;gap_frames=1;left_frames=13;right_frames=6
event,E00057,shot_made,슛성공,,6041,201.367,2,team_2,,,,,,,,,,8446,,0.618,ball_crossed_rim_zone
event,E00058,pass,패스,,6182,206.067,2,team_2,,,,,,,,,,8446,8527,0.59,stable_possession_changed_same_team;gap_frames=3;left_frames=10;right_frames=6
event,E00059,shot_missed,슛실패,,6231,207.7,2,team_2,,,,,,,,,,8446,,0.36,near_rim_no_make_detected
event,E00060,rebound,리바운드,,6250,208.333,2,team_2,,,,,,,,,,8527,,0.5,offensive_rebound_after_missed_shot_frame=6231
event,E00061,shot_made,슛성공,,6360,212.0,2,team_2,,,,,,,,,,8527,,0.48,ball_crossed_rim_zone
event,E00062,steal_or_block,스틸/블락,,6540,218.0,1,team_1,,,,,,,,,,8500,8448,0.58,stable_possession_changed_opponent_team;gap_frames=1;left_frames=8;right_frames=20
event,E00063,pass,패스,,6714,223.8,2,team_2,,,,,,,,,,8637,8689,0.59,stable_possession_changed_same_team;gap_frames=1;left_frames=18;right_frames=6
event,E00064,pass,패스,,6751,225.033,2,team_2,,,,,,,,,,8744,8637,0.59,stable_possession_changed_same_team;gap_frames=1;left_frames=6;right_frames=6
event,E00065,shot_missed,슛실패,,6885,229.5,,unknown,,,,,,,,,,9153,,0.315,near_rim_no_make_detected
event,E00066,rebound,리바운드,,6887,229.567,2,team_2,,,,,,,,,,9177,,0.5,defensive_rebound_after_missed_shot_frame=6885
event,E00067,pass,패스,,7020,234.0,2,team_2,,,,,,,,,,9278,9340,0.62,stable_possession_changed_same_team;gap_frames=1;left_frames=8;right_frames=10
event,E00068,shot_missed,슛실패,,7149,238.3,2,team_2,,,,,,,,,,9512,,0.33,near_rim_no_make_detected
event,E00069,rebound,리바운드,,7158,238.6,2,team_2,,,,,,,,,,9278,,0.5,offensive_rebound_after_missed_shot_frame=7149
event,E00070,pass,패스,,7210,240.333,2,team_2,,,,,,,,,,9278,9512,0.68,stable_possession_changed_same_team;gap_frames=1;left_frames=13;right_frames=16
event,E00071,pass,패스,,7246,241.533,2,team_2,,,,,,,,,,9831,9278,0.68,stable_possession_changed_same_team;gap_frames=20;left_frames=16;right_frames=25
event,E00072,steal_or_block,스틸/블락,,7484,249.467,2,team_2,,,,,,,,,,10127,10182,0.55,stable_possession_changed_opponent_team;gap_frames=15;left_frames=6;right_frames=6
event,E00073,pass,패스,,7536,251.2,2,team_2,,,,,,,,,,10422,10127,0.59,stable_possession_changed_same_team;gap_frames=1;left_frames=7;right_frames=6
event,E00074,pass,패스,,7631,254.367,2,team_2,,,,,,,,,,10631,10527,0.62,stable_possession_changed_same_team;gap_frames=1;left_frames=10;right_frames=8
event,E00075,shot_made,슛성공,,8228,274.267,2,team_2,,,,,,,,,,11052,,0.573,ball_crossed_rim_zone
event,E00076,shot_missed,슛실패,,8269,275.633,2,team_2,,,,,,,,,,11064,,0.315,near_rim_no_make_detected
event,E00077,rebound,리바운드,,8280,276.0,2,team_2,,,,,,,,,,11270,,0.5,offensive_rebound_after_missed_shot_frame=8269
event,E00078,pass,패스,,8329,277.633,2,team_2,,,,,,,,,,11274,11270,0.68,stable_possession_changed_same_team;gap_frames=1;left_frames=49;right_frames=19
event,E00079,pass,패스,,8356,278.533,2,team_2,,,,,,,,,,11052,11270,0.59,stable_possession_changed_same_team;gap_frames=1;left_frames=6;right_frames=19
event,E00080,pass,패스,,8432,281.067,2,team_2,,,,,,,,,,11052,11274,0.605,stable_possession_changed_same_team;gap_frames=51;left_frames=7;right_frames=16
event,E00081,pass,패스,,8498,283.267,1,team_1,,,,,,,,,,11078,11454,0.59,stable_possession_changed_same_team;gap_frames=1;left_frames=7;right_frames=6
event,E00082,shot_made,슛성공,,8546,284.867,1,team_1,,,,,,,,,,11078,,0.7,ball_crossed_rim_zone
event,E00083,shot_made,슛성공,,8813,293.767,1,team_1,,,,,,,,,,12161,,0.627,ball_crossed_rim_zone
event,E00084,pass,패스,,9840,328.0,1,team_1,,,,,,,,,,13508,13818,0.68,stable_possession_changed_same_team;gap_frames=1;left_frames=23;right_frames=20
event,E00085,pass,패스,,9893,329.767,1,team_1,,,,,,,,,,13863,13818,0.605,stable_possession_changed_same_team;gap_frames=4;left_frames=30;right_frames=7
event,E00086,steal_or_block,스틸/블락,,9931,331.033,2,team_2,,,,,,,,,,13887,13903,0.58,stable_possession_changed_opponent_team;gap_frames=1;left_frames=14;right_frames=8
event,E00087,steal_or_block,스틸/블락,,10100,336.667,1,team_1,,,,,,,,,,14094,13776,0.61,stable_possession_changed_opponent_team;gap_frames=1;left_frames=10;right_frames=14
event,E00088,steal_or_block,스틸/블락,,10144,338.133,1,team_1,,,,,,,,,,14171,13776,0.64,stable_possession_changed_opponent_team;gap_frames=5;left_frames=18;right_frames=12
event,E00089,shot_made,슛성공,,10409,346.967,2,team_2,,,,,,,,,,14451,,0.431,ball_crossed_rim_zone
event,E00090,shot_made,슛성공,,10453,348.433,1,team_1,,,,,,,,,,14638,,0.48,ball_crossed_rim_zone
event,E00091,steal_or_block,스틸/블락,,10511,350.367,2,team_2,,,,,,,,,,14451,14452,0.55,stable_possession_changed_opponent_team;gap_frames=1;left_frames=40;right_frames=6
event,E00092,shot_made,슛성공,,10624,354.133,1,team_1,,,,,,,,,,14836,,0.48,ball_crossed_rim_zone
event,E00093,shot_missed,슛실패,,10669,355.633,,unknown,,,,,,,,,,14869,,0.33,near_rim_no_make_detected
event,E00094,rebound,리바운드,,10687,356.233,,unknown,,,,,,,,,,66676,,0.5,defensive_rebound_after_missed_shot_frame=10669
event,E00095,steal_or_block,스틸/블락,,10882,362.733,2,team_2,,,,,,,,,,15095,15094,0.55,stable_possession_changed_opponent_team;gap_frames=1;left_frames=9;right_frames=6
event,E00096,steal_or_block,스틸/블락,,10930,364.333,1,team_1,,,,,,,,,,15132,15095,0.61,stable_possession_changed_opponent_team;gap_frames=2;left_frames=29;right_frames=10
event,E00097,pass,패스,,10978,365.933,1,team_1,,,,,,,,,,15132,15094,0.605,stable_possession_changed_same_team;gap_frames=1;left_frames=7;right_frames=9
event,E00098,shot_made,슛성공,,11096,369.867,1,team_1,,,,,,,,,,15257,,0.577,ball_crossed_rim_zone
event,E00099,shot_made,슛성공,,11161,372.033,2,team_2,,,,,,,,,,15232,,0.594,ball_crossed_rim_zone
event,E00100,shot_missed,슛실패,,11291,376.367,2,team_2,,,,,,,,,,15505,,0.405,near_rim_no_make_detected
event,E00101,rebound,리바운드,,11321,377.367,1,team_1,,,,,,,,,,15309,,0.5,defensive_rebound_after_missed_shot_frame=11291
event,E00102,steal_or_block,스틸/블락,,11321,377.367,1,team_1,,,,,,,,,,15309,15505,0.58,stable_opponent_possession_after_missed_shot_or_block;gap_frames=44;left_frames=8;right_frames=11
event,E00103,pass,패스,,11344,378.133,1,team_1,,,,,,,,,,15565,15563,0.59,stable_possession_changed_same_team;gap_frames=1;left_frames=6;right_frames=10
event,E00104,pass,패스,,11563,385.433,1,team_1,,,,,,,,,,15755,15309,0.605,stable_possession_changed_same_team;gap_frames=2;left_frames=10;right_frames=7
event,E00105,pass,패스,,11603,386.767,1,team_1,,,,,,,,,,15904,15755,0.65,stable_possession_changed_same_team;gap_frames=1;left_frames=10;right_frames=10
event,E00106,shot_missed,슛실패,,11902,396.733,2,team_2,,,,,,,,,,16263,,0.48,near_rim_no_make_detected
event,E00107,rebound,리바운드,,11925,397.5,2,team_2,,,,,,,,,,16263,,0.5,offensive_rebound_after_missed_shot_frame=11902
event,E00108,pass,패스,,11963,398.767,2,team_2,,,,,,,,,,16353,16335,0.59,stable_possession_changed_same_team;gap_frames=1;left_frames=6;right_frames=12
event,E00109,pass,패스,,12060,402.0,2,team_2,,,,,,,,,,16405,16353,0.65,stable_possession_changed_same_team;gap_frames=1;left_frames=10;right_frames=10
event,E00110,pass,패스,,12101,403.367,2,team_2,,,,,,,,,,16353,16263,0.65,stable_possession_changed_same_team;gap_frames=1;left_frames=16;right_frames=10
event,E00111,pass,패스,,12138,404.6,2,team_2,,,,,,,,,,16263,16353,0.62,stable_possession_changed_same_team;gap_frames=23;left_frames=10;right_frames=8
event,E00112,shot_made,슛성공,,12196,406.533,2,team_2,,,,,,,,,,16263,,0.7,ball_crossed_rim_zone
event,E00113,shot_missed,슛실패,,12367,412.233,2,team_2,,,,,,,,,,16263,,0.48,near_rim_no_make_detected
event,E00114,rebound,리바운드,,12372,412.4,2,team_2,,,,,,,,,,16353,,0.5,offensive_rebound_after_missed_shot_frame=12367
event,E00115,shot_missed,슛실패,,12427,414.233,2,team_2,,,,,,,,,,16405,,0.48,near_rim_no_make_detected
event,E00116,rebound,리바운드,,12450,415.0,1,team_1,,,,,,,,,,16852,,0.5,defensive_rebound_after_missed_shot_frame=12427
event,E00117,shot_made,슛성공,,12533,417.767,2,team_2,,,,,,,,,,16778,,0.48,ball_crossed_rim_zone
event,E00118,shot_missed,슛실패,,12609,420.3,1,team_1,,,,,,,,,,17095,,0.33,near_rim_no_make_detected
event,E00119,rebound,리바운드,,12620,420.667,1,team_1,,,,,,,,,,17132,,0.5,offensive_rebound_after_missed_shot_frame=12609
event,E00120,shot_missed,슛실패,,12746,424.867,,unknown,,,,,,,,,,17157,,0.375,near_rim_no_make_detected
event,E00121,shot_missed,슛실패,,13118,437.267,,unknown,,,,,,,,,,17994,,0.625,near_rim_no_make_detected
event,E00122,rebound,리바운드,,13240,441.333,2,team_2,,,,,,,,,,18119,,0.5,defensive_rebound_after_missed_shot_frame=13118
event,E00123,steal_or_block,스틸/블락,,13250,441.667,1,team_1,,,,,,,,,,18117,18119,0.595,stable_possession_changed_opponent_team;gap_frames=2;left_frames=9;right_frames=17
event,E00124,shot_made,슛성공,,13292,443.067,1,team_1,,,,,,,,,,18124,,0.685,ball_crossed_rim_zone
event,E00125,shot_made,슛성공,,13381,446.033,2,team_2,,,,,,,,,,18118,,0.614,ball_crossed_rim_zone
event,E00126,pass,패스,,13447,448.233,2,team_2,,,,,,,,,,18136,18154,0.68,stable_possession_changed_same_team;gap_frames=1;left_frames=14;right_frames=67
event,E00127,pass,패스,,13514,450.467,2,team_2,,,,,,,,,,18119,18136,0.68,stable_possession_changed_same_team;gap_frames=1;left_frames=67;right_frames=21
event,E00128,shot_made,슛성공,,13808,460.267,2,team_2,,,,,,,,,,18380,,0.694,ball_crossed_rim_zone
event,E00129,pass,패스,,13843,461.433,1,team_1,,,,,,,,,,18388,18389,0.62,stable_possession_changed_same_team;gap_frames=1;left_frames=17;right_frames=8
event,E00130,steal_or_block,스틸/블락,,13851,461.7,2,team_2,,,,,,,,,,18459,18388,0.58,stable_possession_changed_opponent_team;gap_frames=1;left_frames=8;right_frames=26
event,E00131,pass,패스,,13882,462.733,2,team_2,,,,,,,,,,18391,18459,0.68,stable_possession_changed_same_team;gap_frames=6;left_frames=26;right_frames=18
event,E00132,pass,패스,,14000,466.667,1,team_1,,,,,,,,,,18462,18388,0.65,stable_possession_changed_same_team;gap_frames=1;left_frames=40;right_frames=10
event,E00133,pass,패스,,14041,468.033,1,team_1,,,,,,,,,,18462,18388,0.605,stable_possession_changed_same_team;gap_frames=7;left_frames=15;right_frames=7
event,E00134,steal_or_block,스틸/블락,,14073,469.1,1,team_1,,,,,,,,,,18566,18626,0.61,stable_possession_changed_opponent_team;gap_frames=1;left_frames=10;right_frames=14
event,E00135,pass,패스,,14087,469.567,1,team_1,,,,,,,,,,18388,18566,0.605,stable_possession_changed_same_team;gap_frames=1;left_frames=14;right_frames=7
event,E00136,shot_made,슛성공,,14139,471.3,1,team_1,,,,,,,,,,18384,,0.48,ball_crossed_rim_zone
event,E00137,shot_missed,슛실패,,14470,482.333,2,team_2,,,,,,,,,,18626,,0.561,near_rim_no_make_detected
event,E00138,rebound,리바운드,,14550,485.0,1,team_1,,,,,,,,,,19294,,0.5,defensive_rebound_after_missed_shot_frame=14470
event,E00139,shot_made,슛성공,,14565,485.5,1,team_1,,,,,,,,,,19294,,0.492,ball_crossed_rim_zone
event,E00140,shot_made,슛성공,,14642,488.067,1,team_1,,,,,,,,,,19510,,0.552,ball_crossed_rim_zone
event,E00141,steal_or_block,스틸/블락,,14892,496.4,2,team_2,,,,,,,,,,19532,19722,0.64,stable_opponent_possession_after_missed_shot_or_block;gap_frames=1;left_frames=16;right_frames=31
event,E00142,shot_missed,슛실패,,14928,497.6,2,team_2,,,,,,,,,,19532,,0.419,near_rim_no_make_detected
event,E00143,pass,패스,,14955,498.5,2,team_2,,,,,,,,,,19662,19532,0.68,stable_possession_changed_same_team;gap_frames=32;left_frames=31;right_frames=36
event,E00144,rebound,리바운드,,14955,498.5,2,team_2,,,,,,,,,,19662,,0.5,offensive_rebound_after_missed_shot_frame=14928
event,E00145,steal_or_block,스틸/블락,,14992,499.733,1,team_1,,,,,,,,,,19702,19662,0.64,stable_opponent_possession_after_missed_shot_or_block;gap_frames=2;left_frames=36;right_frames=17
event,E00146,pass,패스,,15047,501.567,1,team_1,,,,,,,,,,19901,19702,0.68,stable_possession_changed_same_team;gap_frames=1;left_frames=16;right_frames=14
event,E00147,pass,패스,,15084,502.8,1,team_1,,,,,,,,,,19901,19702,0.68,stable_possession_changed_same_team;gap_frames=5;left_frames=19;right_frames=17
event,E00148,shot_made,슛성공,,15114,503.8,1,team_1,,,,,,,,,,19928,,0.405,ball_crossed_rim_zone
event,E00149,shot_made,슛성공,,15177,505.9,2,team_2,,,,,,,,,,19952,,0.7,ball_crossed_rim_zone
event,E00150,shot_missed,슛실패,,15349,511.633,1,team_1,,,,,,,,,,19857,,0.535,near_rim_no_make_detected
event,E00151,rebound,리바운드,,15390,513.0,2,team_2,,,,,,,,,,19969,,0.5,defensive_rebound_after_missed_shot_frame=15349
event,E00152,shot_missed,슛실패,,15408,513.6,2,team_2,,,,,,,,,,19969,,0.435,near_rim_no_make_detected
event,E00153,rebound,리바운드,,15427,514.233,1,team_1,,,,,,,,,,20327,,0.5,defensive_rebound_after_missed_shot_frame=15408
event,E00154,pass,패스,,15442,514.733,2,team_2,,,,,,,,,,20083,19992,0.665,stable_possession_changed_same_team;gap_frames=2;left_frames=11;right_frames=30
event,E00155,steal_or_block,스틸/블락,,15473,515.767,1,team_1,,,,,,,,,,20327,20083,0.64,stable_opponent_possession_after_missed_shot_or_block;gap_frames=2;left_frames=30;right_frames=50
event,E00156,pass,패스,,15523,517.433,1,team_1,,,,,,,,,,20420,20327,0.635,stable_possession_changed_same_team;gap_frames=1;left_frames=50;right_frames=9
event,E00157,pass,패스,,15548,518.267,1,team_1,,,,,,,,,,20327,19857,0.59,stable_possession_changed_same_team;gap_frames=1;left_frames=14;right_frames=6
event,E00158,steal_or_block,스틸/블락,,15555,518.5,2,team_2,,,,,,,,,,20475,20327,0.55,stable_possession_changed_opponent_team;gap_frames=2;left_frames=6;right_frames=20
event,E00159,steal_or_block,스틸/블락,,15626,520.867,1,team_1,,,,,,,,,,20527,20083,0.565,stable_possession_changed_opponent_team;gap_frames=1;left_frames=9;right_frames=7
event,E00160,pass,패스,,15937,531.233,1,team_1,,,,,,,,,,20527,20729,0.635,stable_possession_changed_same_team;gap_frames=1;left_frames=9;right_frames=13
event,E00161,steal_or_block,스틸/블락,,15989,532.967,2,team_2,,,,,,,,,,20997,20527,0.64,stable_possession_changed_opponent_team;gap_frames=40;left_frames=13;right_frames=13
event,E00162,shot_made,슛성공,,16110,537.0,1,team_1,,,,,,,,,,21192,,0.7,ball_crossed_rim_zone
event,E00163,pass,패스,,16471,549.033,2,team_2,,,,,,,,,,21971,21897,0.65,stable_possession_changed_same_team;gap_frames=15;left_frames=10;right_frames=12
event,E00164,pass,패스,,16495,549.833,2,team_2,,,,,,,,,,21971,21956,0.665,stable_possession_changed_same_team;gap_frames=1;left_frames=11;right_frames=11
event,E00165,steal_or_block,스틸/블락,,16937,564.567,2,team_2,,,,,,,,,,22589,22394,0.55,stable_possession_changed_opponent_team;gap_frames=6;left_frames=6;right_frames=6
event,E00166,steal_or_block,스틸/블락,,16974,565.8,1,team_1,,,,,,,,,,22744,22399,0.595,stable_possession_changed_opponent_team;gap_frames=1;left_frames=20;right_frames=9
event,E00167,shot_missed,슛실패,,17104,570.133,2,team_2,,,,,,,,,,22466,,0.48,near_rim_no_make_detected
event,E00168,rebound,리바운드,,17184,572.8,2,team_2,,,,,,,,,,22909,,0.5,offensive_rebound_after_missed_shot_frame=17104
event,E00169,shot_missed,슛실패,,17187,572.9,2,team_2,,,,,,,,,,22909,,0.345,near_rim_no_make_detected
event,E00170,rebound,리바운드,,17280,576.0,1,team_1,,,,,,,,,,23065,,0.5,defensive_rebound_after_missed_shot_frame=17187
event,E00171,shot_made,슛성공,,17454,581.8,2,team_2,,,,,,,,,,22845,,0.7,ball_crossed_rim_zone
event,E00172,shot_missed,슛실패,,17648,588.267,2,team_2,,,,,,,,,,23345,,0.699,near_rim_no_make_detected
event,E00173,rebound,리바운드,,17661,588.7,2,team_2,,,,,,,,,,23552,,0.5,offensive_rebound_after_missed_shot_frame=17648
event,E00174,pass,패스,,17781,592.7,2,team_2,,,,,,,,,,23345,23685,0.665,stable_possession_changed_same_team;gap_frames=2;left_frames=25;right_frames=11
event,E00175,pass,패스,,17806,593.533,2,team_2,,,,,,,,,,23685,23345,0.665,stable_possession_changed_same_team;gap_frames=12;left_frames=11;right_frames=34
event,E00176,pass,패스,,17943,598.1,2,team_2,,,,,,,,,,24043,23345,0.59,stable_possession_changed_same_team;gap_frames=4;left_frames=25;right_frames=6
event,E00177,pass,패스,,17970,599.0,2,team_2,,,,,,,,,,23995,24043,0.605,stable_possession_changed_same_team;gap_frames=1;left_frames=7;right_frames=20
event,E00178,pass,패스,,18068,602.267,2,team_2,,,,,,,,,,24029,24088,0.59,stable_possession_changed_same_team;gap_frames=1;left_frames=6;right_frames=6
event,E00179,pass,패스,,18114,603.8,2,team_2,,,,,,,,,,24029,24213,0.59,stable_possession_changed_same_team;gap_frames=1;left_frames=9;right_frames=6
event,E00180,shot_made,슛성공,,18293,609.767,1,team_1,,,,,,,,,,24315,,0.7,ball_crossed_rim_zone
event,E00181,shot_made,슛성공,,18353,611.767,1,team_1,,,,,,,,,,24521,,0.423,ball_crossed_rim_zone
event,E00182,shot_made,슛성공,,18429,614.3,,unknown,,,,,,,,,,24667,,0.544,ball_crossed_rim_zone
event,E00183,pass,패스,,18466,615.533,2,team_2,,,,,,,,,,24603,24499,0.62,stable_possession_changed_same_team;gap_frames=1;left_frames=14;right_frames=8
event,E00184,shot_made,슛성공,,18524,617.467,1,team_1,,,,,,,,,,24775,,0.698,ball_crossed_rim_zone
event,E00185,shot_made,슛성공,,18573,619.1,2,team_2,,,,,,,,,,24603,,0.68,ball_crossed_rim_zone
event,E00186,shot_missed,슛실패,,18976,632.533,1,team_1,,,,,,,,,,25430,,0.597,near_rim_no_make_detected
event,E00187,steal_or_block,스틸/블락,,19350,645.0,1,team_1,,,,,,,,,,26771,26623,0.55,stable_possession_changed_opponent_team;gap_frames=1;left_frames=39;right_frames=6
event,E00188,shot_missed,슛실패,,19428,647.6,1,team_1,,,,,,,,,,26841,,0.48,near_rim_no_make_detected
event,E00189,rebound,리바운드,,19515,650.5,,unknown,,,,,,,,,,27240,,0.5,defensive_rebound_after_missed_shot_frame=19428
event,E00190,shot_missed,슛실패,,19956,665.2,2,team_2,,,,,,,,,,27968,,0.33,near_rim_no_make_detected
event,E00191,rebound,리바운드,,19960,665.333,2,team_2,,,,,,,,,,27968,,0.5,offensive_rebound_after_missed_shot_frame=19956
event,E00192,pass,패스,,20001,666.7,2,team_2,,,,,,,,,,27939,27968,0.665,stable_possession_changed_same_team;gap_frames=26;left_frames=14;right_frames=11
event,E00193,shot_made,슛성공,,20158,671.933,1,team_1,,,,,,,,,,28125,,0.7,ball_crossed_rim_zone
event,E00194,pass,패스,,20188,672.933,1,team_1,,,,,,,,,,28120,28292,0.59,stable_possession_changed_same_team;gap_frames=1;left_frames=6;right_frames=9
event,E00195,pass,패스,,20296,676.533,2,team_2,,,,,,,,,,28624,28386,0.59,stable_possession_changed_same_team;gap_frames=1;left_frames=6;right_frames=6
event,E00196,steal_or_block,스틸/블락,,20303,676.767,1,team_1,,,,,,,,,,28120,28624,0.55,stable_possession_changed_opponent_team;gap_frames=2;left_frames=6;right_frames=10
event,E00197,pass,패스,,20479,682.633,1,team_1,,,,,,,,,,28793,28120,0.68,stable_possession_changed_same_team;gap_frames=1;left_frames=120;right_frames=61
event,E00198,shot_missed,슛실패,,20739,691.3,1,team_1,,,,,,,,,,28945,,0.315,near_rim_no_make_detected
event,E00199,rebound,리바운드,,20740,691.333,1,team_1,,,,,,,,,,28833,,0.5,offensive_rebound_after_missed_shot_frame=20739
event,E00200,pass,패스,,20769,692.3,2,team_2,,,,,,,,,,28868,28773,0.59,stable_possession_changed_same_team;gap_frames=1;left_frames=6;right_frames=15
event,E00201,pass,패스,,20793,693.1,2,team_2,,,,,,,,,,28868,28773,0.635,stable_possession_changed_same_team;gap_frames=1;left_frames=9;right_frames=20
event,E00202,shot_made,슛성공,,20955,698.5,1,team_1,,,,,,,,,,29311,,0.7,ball_crossed_rim_zone
event,E00203,shot_missed,슛실패,,20994,699.8,2,team_2,,,,,,,,,,29301,,0.556,near_rim_no_make_detected
event,E00204,rebound,리바운드,,21005,700.167,2,team_2,,,,,,,,,,29436,,0.5,offensive_rebound_after_missed_shot_frame=20994
event,E00205,pass,패스,,21167,705.567,1,team_1,,,,,,,,,,29736,29652,0.635,stable_possession_changed_same_team;gap_frames=1;left_frames=17;right_frames=9
event,E00206,pass,패스,,21786,726.2,1,team_1,,,,,,,,,,30940,30803,0.605,stable_possession_changed_same_team;gap_frames=1;left_frames=56;right_frames=7
event,E00207,shot_made,슛성공,,21877,729.233,1,team_1,,,,,,,,,,30960,,0.7,ball_crossed_rim_zone
event,E00208,shot_missed,슛실패,,21951,731.7,2,team_2,,,,,,,,,,30990,,0.48,near_rim_no_make_detected
event,E00209,rebound,리바운드,,21961,732.033,1,team_1,,,,,,,,,,31002,,0.5,defensive_rebound_after_missed_shot_frame=21951
event,E00210,shot_missed,슛실패,,21989,732.967,2,team_2,,,,,,,,,,30972,,0.589,near_rim_no_make_detected
event,E00211,rebound,리바운드,,22131,737.7,,unknown,,,,,,,,,,31152,,0.5,defensive_rebound_after_missed_shot_frame=21989
event,E00212,shot_made,슛성공,,22364,745.467,1,team_1,,,,,,,,,,31356,,0.641,ball_crossed_rim_zone
event,E00213,shot_made,슛성공,,22457,748.567,1,team_1,,,,,,,,,,31446,,0.48,ball_crossed_rim_zone
event,E00214,steal_or_block,스틸/블락,,22487,749.567,1,team_1,,,,,,,,,,31446,31536,0.64,stable_possession_changed_opponent_team;gap_frames=27;left_frames=24;right_frames=20
event,E00215,pass,패스,,22507,750.233,1,team_1,,,,,,,,,,31509,31446,0.635,stable_possession_changed_same_team;gap_frames=1;left_frames=20;right_frames=9
event,E00216,shot_made,슛성공,,22611,753.7,,unknown,,,,,,,,,,31831,,0.45,ball_crossed_rim_zone
event,E00217,pass,패스,,23334,777.8,1,team_1,,,,,,,,,,32887,32769,0.68,stable_possession_changed_same_team;gap_frames=14;left_frames=51;right_frames=18
event,E00218,pass,패스,,23418,780.6,1,team_1,,,,,,,,,,32977,32887,0.665,stable_possession_changed_same_team;gap_frames=19;left_frames=25;right_frames=11
event,E00219,pass,패스,,23443,781.433,1,team_1,,,,,,,,,,32983,32978,0.59,stable_possession_changed_same_team;gap_frames=1;left_frames=6;right_frames=6
event,E00220,steal_or_block,스틸/블락,,23467,782.233,2,team_2,,,,,,,,,,33037,32978,0.595,stable_possession_changed_opponent_team;gap_frames=2;left_frames=17;right_frames=9
event,E00221,pass,패스,,23498,783.267,1,team_1,,,,,,,,,,33079,32978,0.62,stable_possession_changed_same_team;gap_frames=1;left_frames=9;right_frames=8
event,E00222,shot_made,슛성공,,23676,789.2,1,team_1,,,,,,,,,,33196,,0.7,ball_crossed_rim_zone
event,E00223,shot_made,슛성공,,23743,791.433,2,team_2,,,,,,,,,,33411,,0.397,ball_crossed_rim_zone
event,E00224,pass,패스,,23770,792.333,1,team_1,,,,,,,,,,33402,32977,0.68,stable_possession_changed_same_team;gap_frames=1;left_frames=18;right_frames=33
event,E00225,steal_or_block,스틸/블락,,23847,794.9,2,team_2,,,,,,,,,,33658,33470,0.565,stable_possession_changed_opponent_team;gap_frames=1;left_frames=9;right_frames=7
event,E00226,steal_or_block,스틸/블락,,24060,802.0,1,team_1,,,,,,,,,,33402,33865,0.55,stable_possession_changed_opponent_team;gap_frames=24;left_frames=7;right_frames=6
event,E00227,steal_or_block,스틸/블락,,24430,814.333,2,team_2,,,,,,,,,,34248,34165,0.64,stable_possession_changed_opponent_team;gap_frames=21;left_frames=12;right_frames=45
event,E00228,steal_or_block,스틸/블락,,24652,821.733,1,team_1,,,,,,,,,,34202,34736,0.55,stable_opponent_possession_after_missed_shot_or_block;gap_frames=1;left_frames=19;right_frames=6
event,E00229,shot_missed,슛실패,,24686,822.867,2,team_2,,,,,,,,,,34736,,0.33,near_rim_no_make_detected
event,E00230,rebound,리바운드,,24698,823.267,1,team_1,,,,,,,,,,34948,,0.5,defensive_rebound_after_missed_shot_frame=24686
event,E00231,pass,패스,,24941,831.367,2,team_2,,,,,,,,,,35212,35209,0.605,stable_possession_changed_same_team;gap_frames=36;left_frames=15;right_frames=7
event,E00232,pass,패스,,25041,834.7,2,team_2,,,,,,,,,,35212,35111,0.59,stable_possession_changed_same_team;gap_frames=2;left_frames=6;right_frames=22
event,E00233,shot_made,슛성공,,25082,836.067,1,team_1,,,,,,,,,,35374,,0.48,ball_crossed_rim_zone
event,E00234,pass,패스,,25199,839.967,2,team_2,,,,,,,,,,35490,35209,0.68,stable_possession_changed_same_team;gap_frames=60;left_frames=31;right_frames=16
event,E00235,shot_missed,슛실패,,25790,859.667,,unknown,,,,,,,,,,66842,,0.315,near_rim_no_make_detected
event,E00236,shot_made,슛성공,,26110,870.333,2,team_2,,,,,,,,,,36918,,0.527,ball_crossed_rim_zone
event,E00237,pass,패스,,26383,879.433,2,team_2,,,,,,,,,,37375,37470,0.635,stable_possession_changed_same_team;gap_frames=1;left_frames=9;right_frames=10
event,E00238,shot_missed,슛실패,,26461,882.033,,unknown,,,,,,,,,,37552,,0.606,near_rim_no_make_detected
event,E00239,rebound,리바운드,,26494,883.133,2,team_2,,,,,,,,,,37623,,0.5,defensive_rebound_after_missed_shot_frame=26461
event,E00240,shot_missed,슛실패,,26568,885.6,2,team_2,,,,,,,,,,37606,,0.315,near_rim_no_make_detected
event,E00241,rebound,리바운드,,26578,885.933,,unknown,,,,,,,,,,37840,,0.5,defensive_rebound_after_missed_shot_frame=26568
event,E00242,pass,패스,,26610,887.0,2,team_2,,,,,,,,,,38029,37998,0.62,stable_possession_changed_same_team;gap_frames=1;left_frames=8;right_frames=10
event,E00243,pass,패스,,26667,888.9,2,team_2,,,,,,,,,,37998,38029,0.68,stable_possession_changed_same_team;gap_frames=28;left_frames=17;right_frames=13
event,E00244,steal_or_block,스틸/블락,,27001,900.033,1,team_1,,,,,,,,,,38373,38427,0.565,stable_possession_changed_opponent_team;gap_frames=2;left_frames=7;right_frames=20
event,E00245,shot_made,슛성공,,27061,902.033,1,team_1,,,,,,,,,,38373,,0.48,ball_crossed_rim_zone
event,E00246,shot_missed,슛실패,,27144,904.8,2,team_2,,,,,,,,,,38708,,0.435,near_rim_no_make_detected
event,E00247,shot_missed,슛실패,,27447,914.9,,unknown,,,,,,,,,,39149,,0.435,near_rim_no_make_detected
event,E00248,shot_made,슛성공,,27982,932.733,2,team_2,,,,,,,,,,40173,,0.7,ball_crossed_rim_zone
event,E00249,shot_made,슛성공,,28054,935.133,1,team_1,,,,,,,,,,40174,,0.48,ball_crossed_rim_zone
event,E00250,pass,패스,,28087,936.233,2,team_2,,,,,,,,,,40272,40280,0.68,stable_possession_changed_same_team;gap_frames=2;left_frames=15;right_frames=44
event,E00251,pass,패스,,28131,937.7,2,team_2,,,,,,,,,,40280,40272,0.605,stable_possession_changed_same_team;gap_frames=1;left_frames=44;right_frames=7
event,E00252,shot_made,슛성공,,28992,966.4,1,team_1,,,,,,,,,,41151,,0.579,ball_crossed_rim_zone
event,E00253,pass,패스,,29226,974.2,1,team_1,,,,,,,,,,41629,41639,0.635,stable_possession_changed_same_team;gap_frames=2;left_frames=9;right_frames=16
event,E00254,steal_or_block,스틸/블락,,29302,976.733,2,team_2,,,,,,,,,,41637,41629,0.58,stable_possession_changed_opponent_team;gap_frames=1;left_frames=40;right_frames=8
event,E00255,pass,패스,,29380,979.333,1,team_1,,,,,,,,,,41629,41639,0.59,stable_possession_changed_same_team;gap_frames=1;left_frames=6;right_frames=20
event,E00256,steal_or_block,스틸/블락,,29400,980.0,2,team_2,,,,,,,,,,41637,41629,0.64,stable_possession_changed_opponent_team;gap_frames=1;left_frames=20;right_frames=20
event,E00257,steal_or_block,스틸/블락,,29446,981.533,2,team_2,,,,,,,,,,41637,41985,0.64,stable_possession_changed_opponent_team;gap_frames=1;left_frames=19;right_frames=46
event,E00258,steal_or_block,스틸/블락,,29492,983.067,1,team_1,,,,,,,,,,41638,41637,0.64,stable_possession_changed_opponent_team;gap_frames=1;left_frames=46;right_frames=21
event,E00259,shot_made,슛성공,,29541,984.7,1,team_1,,,,,,,,,,41638,,0.345,ball_crossed_rim_zone
event,E00260,shot_made,슛성공,,29610,987.0,2,team_2,,,,,,,,,,42160,,0.48,ball_crossed_rim_zone
event,E00261,steal_or_block,스틸/블락,,29754,991.8,2,team_2,,,,,,,,,,42241,42275,0.61,stable_possession_changed_opponent_team;gap_frames=1;left_frames=34;right_frames=10
event,E00262,pass,패스,,29764,992.133,2,team_2,,,,,,,,,,42160,42241,0.65,stable_possession_changed_same_team;gap_frames=1;left_frames=10;right_frames=44
event,E00263,pass,패스,,29890,996.333,1,team_1,,,,,,,,,,42280,42275,0.68,stable_possession_changed_same_team;gap_frames=1;left_frames=18;right_frames=25
event,E00264,steal_or_block,스틸/블락,,29915,997.167,2,team_2,,,,,,,,,,42334,42280,0.64,stable_possession_changed_opponent_team;gap_frames=1;left_frames=25;right_frames=13
event,E00265,pass,패스,,30217,1007.233,2,team_2,,,,,,,,,,42415,42490,0.65,stable_possession_changed_same_team;gap_frames=38;left_frames=27;right_frames=10
event,E00266,shot_made,슛성공,,30279,1009.3,2,team_2,,,,,,,,,,42986,,0.586,ball_crossed_rim_zone
event,E00267,steal_or_block,스틸/블락,,30533,1017.767,2,team_2,,,,,,,,,,43414,43405,0.55,stable_possession_changed_opponent_team;gap_frames=1;left_frames=9;right_frames=6
event,E00268,pass,패스,,30645,1021.5,2,team_2,,,,,,,,,,43417,43413,0.68,stable_possession_changed_same_team;gap_frames=1;left_frames=46;right_frames=12
event,E00269,pass,패스,,30684,1022.8,2,team_2,,,,,,,,,,43413,43417,0.635,stable_possession_changed_same_team;gap_frames=15;left_frames=12;right_frames=9
event,E00270,pass,패스,,30722,1024.067,2,team_2,,,,,,,,,,43413,43417,0.59,stable_possession_changed_same_team;gap_frames=1;left_frames=6;right_frames=47
event,E00271,steal_or_block,스틸/블락,,30770,1025.667,1,team_1,,,,,,,,,,43409,43413,0.565,stable_opponent_possession_after_missed_shot_or_block;gap_frames=2;left_frames=47;right_frames=7
event,E00272,shot_missed,슛실패,,30821,1027.367,1,team_1,,,,,,,,,,43588,,0.48,near_rim_no_make_detected
event,E00273,rebound,리바운드,,30833,1027.767,1,team_1,,,,,,,,,,43588,,0.5,offensive_rebound_after_missed_shot_frame=30821
event,E00274,steal_or_block,스틸/블락,,30953,1031.767,1,team_1,,,,,,,,,,43945,43860,0.64,stable_possession_changed_opponent_team;gap_frames=3;left_frames=13;right_frames=15
event,E00275,shot_made,슛성공,,31038,1034.6,1,team_1,,,,,,,,,,43989,,0.606,ball_crossed_rim_zone
event,E00276,shot_missed,슛실패,,31330,1044.333,,,,,,,,,,,,,,0.361,near_rim_no_make_detected
event,E00277,rebound,리바운드,,31340,1044.667,1,team_1,,,,,,,,,,44625,,0.5,defensive_rebound_after_missed_shot_frame=31330
event,E00278,steal_or_block,스틸/블락,,31367,1045.567,2,team_2,,,,,,,,,,44592,44625,0.55,stable_opponent_possession_after_missed_shot_or_block;gap_frames=15;left_frames=13;right_frames=6
event,E00279,pass,패스,,31386,1046.2,1,team_1,,,,,,,,,,44589,44591,0.605,stable_possession_changed_same_team;gap_frames=2;left_frames=12;right_frames=7
event,E00280,steal_or_block,스틸/블락,,31447,1048.233,2,team_2,,,,,,,,,,44590,44593,0.64,stable_opponent_possession_after_missed_shot_or_block;gap_frames=1;left_frames=39;right_frames=18
event,E00281,shot_missed,슛실패,,31469,1048.967,2,team_2,,,,,,,,,,44799,,0.463,near_rim_no_make_detected
event,E00282,rebound,리바운드,,31489,1049.633,1,team_1,,,,,,,,,,44593,,0.5,defensive_rebound_after_missed_shot_frame=31469
event,E00283,steal_or_block,스틸/블락,,31567,1052.233,1,team_1,,,,,,,,,,44593,44590,0.64,stable_possession_changed_opponent_team;gap_frames=1;left_frames=15;right_frames=27
event,E00284,shot_made,슛성공,,31603,1053.433,1,team_1,,,,,,,,,,44593,,0.541,ball_crossed_rim_zone
event,E00285,steal_or_block,스틸/블락,,31670,1055.667,1,team_1,,,,,,,,,,44593,44590,0.55,stable_possession_changed_opponent_team;gap_frames=1;left_frames=6;right_frames=46
event,E00286,pass,패스,,31760,1058.667,1,team_1,,,,,,,,,,44912,44871,0.635,stable_possession_changed_same_team;gap_frames=2;left_frames=23;right_frames=9
event,E00287,steal_or_block,스틸/블락,,32050,1068.333,2,team_2,,,,,,,,,,45334,45333,0.64,stable_possession_changed_opponent_team;gap_frames=39;left_frames=17;right_frames=65
event,E00288,steal_or_block,스틸/블락,,32184,1072.8,2,team_2,,,,,,,,,,45334,45333,0.565,stable_possession_changed_opponent_team;gap_frames=1;left_frames=8;right_frames=7
event,E00289,steal_or_block,스틸/블락,,32270,1075.667,2,team_2,,,,,,,,,,45714,45333,0.64,stable_possession_changed_opponent_team;gap_frames=21;left_frames=20;right_frames=26
event,E00290,pass,패스,,32309,1076.967,2,team_2,,,,,,,,,,45329,45714,0.62,stable_possession_changed_same_team;gap_frames=1;left_frames=26;right_frames=8
event,E00291,pass,패스,,32381,1079.367,2,team_2,,,,,,,,,,45329,45714,0.62,stable_possession_changed_same_team;gap_frames=53;left_frames=8;right_frames=15
event,E00292,pass,패스,,32450,1081.667,2,team_2,,,,,,,,,,45332,45329,0.68,stable_possession_changed_same_team;gap_frames=55;left_frames=15;right_frames=33
event,E00293,pass,패스,,32483,1082.767,2,team_2,,,,,,,,,,45329,45332,0.605,stable_possession_changed_same_team;gap_frames=1;left_frames=33;right_frames=7
event,E00294,shot_made,슛성공,,32674,1089.133,2,team_2,,,,,,,,,,45714,,0.687,ball_crossed_rim_zone
event,E00295,shot_made,슛성공,,32812,1093.733,1,team_1,,,,,,,,,,46517,,0.573,ball_crossed_rim_zone
event,E00296,steal_or_block,스틸/블락,,33124,1104.133,2,team_2,,,,,,,,,,46832,46833,0.595,stable_possession_changed_opponent_team;gap_frames=1;left_frames=9;right_frames=34
event,E00297,steal_or_block,스틸/블락,,33176,1105.867,2,team_2,,,,,,,,,,46832,46833,0.58,stable_possession_changed_opponent_team;gap_frames=1;left_frames=18;right_frames=8
event,E00298,pass,패스,,33308,1110.267,1,team_1,,,,,,,,,,47079,46840,0.635,stable_possession_changed_same_team;gap_frames=1;left_frames=9;right_frames=20
event,E00299,steal_or_block,스틸/블락,,33340,1111.333,2,team_2,,,,,,,,,,47035,47093,0.55,stable_possession_changed_opponent_team;gap_frames=1;left_frames=6;right_frames=15
event,E00300,steal_or_block,스틸/블락,,33390,1113.0,1,team_1,,,,,,,,,,47121,47125,0.565,stable_opponent_possession_after_missed_shot_or_block;gap_frames=4;left_frames=7;right_frames=10
event,E00301,shot_missed,슛실패,,33422,1114.067,1,team_1,,,,,,,,,,47190,,0.64,near_rim_no_make_detected
event,E00302,rebound,리바운드,,33423,1114.1,1,team_1,,,,,,,,,,47117,,0.5,offensive_rebound_after_missed_shot_frame=33422
event,E00303,pass,패스,,33637,1121.233,1,team_1,,,,,,,,,,47488,47489,0.62,stable_possession_changed_same_team;gap_frames=1;left_frames=24;right_frames=8
event,E00304,steal_or_block,스틸/블락,,33691,1123.033,2,team_2,,,,,,,,,,47676,47484,0.64,stable_possession_changed_opponent_team;gap_frames=1;left_frames=16;right_frames=17
event,E00305,pass,패스,,33708,1123.6,2,team_2,,,,,,,,,,47486,47676,0.62,stable_possession_changed_same_team;gap_frames=1;left_frames=17;right_frames=8
event,E00306,steal_or_block,스틸/블락,,33770,1125.667,1,team_1,,,,,,,,,,47485,47483,0.64,stable_possession_changed_opponent_team;gap_frames=1;left_frames=39;right_frames=20
event,E00307,shot_made,슛성공,,33892,1129.733,2,team_2,,,,,,,,,,47483,,0.683,ball_crossed_rim_zone
event,E00308,shot_made,슛성공,,33963,1132.1,,unknown,,,,,,,,,,47937,,0.558,ball_crossed_rim_zone
event,E00309,steal_or_block,스틸/블락,,34263,1142.1,2,team_2,,,,,,,,,,48261,48271,0.55,stable_possession_changed_opponent_team;gap_frames=1;left_frames=6;right_frames=26
event,E00310,steal_or_block,스틸/블락,,34340,1144.667,1,team_1,,,,,,,,,,48265,48261,0.64,stable_possession_changed_opponent_team;gap_frames=43;left_frames=26;right_frames=28
event,E00311,shot_missed,슛실패,,34717,1157.233,,,,,,,,,,,,,,0.375,near_rim_no_make_detected
event,E00312,rebound,리바운드,,34745,1158.167,2,team_2,,,,,,,,,,48992,,0.5,defensive_rebound_after_missed_shot_frame=34717
event,E00313,shot_made,슛성공,,34859,1161.967,1,team_1,,,,,,,,,,49104,,0.568,ball_crossed_rim_zone
event,E00314,steal_or_block,스틸/블락,,35033,1167.767,2,team_2,,,,,,,,,,49218,49220,0.565,stable_possession_changed_opponent_team;gap_frames=3;left_frames=44;right_frames=7
event,E00315,pass,패스,,35128,1170.933,1,team_1,,,,,,,,,,49379,49477,0.635,stable_possession_changed_same_team;gap_frames=7;left_frames=9;right_frames=22
event,E00316,steal_or_block,스틸/블락,,35150,1171.667,2,team_2,,,,,,,,,,49218,49379,0.55,stable_possession_changed_opponent_team;gap_frames=1;left_frames=22;right_frames=6
event,E00317,steal_or_block,스틸/블락,,35192,1173.067,2,team_2,,,,,,,,,,49218,49379,0.55,stable_possession_changed_opponent_team;gap_frames=2;left_frames=6;right_frames=6
event,E00318,shot_made,슛성공,,35272,1175.733,,unknown,,,,,,,,,,49625,,0.7,ball_crossed_rim_zone
event,E00319,shot_missed,슛실패,,35351,1178.367,,unknown,,,,,,,,,,49689,,0.534,near_rim_no_make_detected
event,E00320,shot_made,슛성공,,35700,1190.0,,,,,,,,,,,,,,0.7,ball_crossed_rim_zone
event,E00321,shot_made,슛성공,,36063,1202.1,,unknown,,,,,,,,,,50821,,0.655,ball_crossed_rim_zone
event,E00322,steal_or_block,스틸/블락,,36144,1204.8,2,team_2,,,,,,,,,,50891,50894,0.58,stable_possession_changed_opponent_team;gap_frames=15;left_frames=19;right_frames=8
event,E00323,shot_missed,슛실패,,36209,1206.967,2,team_2,,,,,,,,,,50891,,0.345,near_rim_no_make_detected
event,E00324,shot_made,슛성공,,36623,1220.767,,,,,,,,,,,,,,0.7,ball_crossed_rim_zone
event,E00325,shot_made,슛성공,,36659,1221.967,2,team_2,,,,,,,,,,51297,,0.616,ball_crossed_rim_zone
event,E00326,pass,패스,,36862,1228.733,1,team_1,,,,,,,,,,51460,51208,0.68,stable_possession_changed_same_team;gap_frames=21;left_frames=85;right_frames=25
event,E00327,pass,패스,,36887,1229.567,1,team_1,,,,,,,,,,51208,51460,0.65,stable_possession_changed_same_team;gap_frames=1;left_frames=25;right_frames=10
event,E00328,pass,패스,,36924,1230.8,1,team_1,,,,,,,,,,51556,51460,0.68,stable_possession_changed_same_team;gap_frames=2;left_frames=26;right_frames=46
event,E00329,pass,패스,,37029,1234.3,1,team_1,,,,,,,,,,51599,51556,0.665,stable_possession_changed_same_team;gap_frames=15;left_frames=15;right_frames=11
event,E00330,shot_made,슛성공,,37137,1237.9,,unknown,,,,,,,,,,51834,,0.7,ball_crossed_rim_zone
event,E00331,steal_or_block,스틸/블락,,37405,1246.833,1,team_1,,,,,,,,,,52411,52120,0.64,stable_possession_changed_opponent_team;gap_frames=2;left_frames=24;right_frames=15
event,E00332,steal_or_block,스틸/블락,,37506,1250.2,1,team_1,,,,,,,,,,52182,51572,0.595,stable_possession_changed_opponent_team;gap_frames=1;left_frames=9;right_frames=11
event,E00333,steal_or_block,스틸/블락,,37671,1255.7,2,team_2,,,,,,,,,,51572,52746,0.595,stable_possession_changed_opponent_team;gap_frames=1;left_frames=18;right_frames=9
event,E00334,pass,패스,,37724,1257.467,1,team_1,,,,,,,,,,52810,52746,0.62,stable_possession_changed_same_team;gap_frames=1;left_frames=23;right_frames=8
event,E00335,shot_made,슛성공,,37881,1262.7,,unknown,,,,,,,,,,53010,,0.675,ball_crossed_rim_zone
event,E00336,pass,패스,,37985,1266.167,1,team_1,,,,,,,,,,52968,53092,0.59,stable_possession_changed_same_team;gap_frames=3;left_frames=9;right_frames=6
event,E00337,pass,패스,,38054,1268.467,1,team_1,,,,,,,,,,53322,53226,0.68,stable_possession_changed_same_team;gap_frames=1;left_frames=19;right_frames=19
event,E00338,shot_missed,슛실패,,38086,1269.533,1,team_1,,,,,,,,,,53322,,0.315,near_rim_no_make_detected
event,E00339,rebound,리바운드,,38086,1269.533,1,team_1,,,,,,,,,,53422,,0.5,offensive_rebound_after_missed_shot_frame=38086
event,E00340,shot_made,슛성공,,38240,1274.667,2,team_2,,,,,,,,,,53578,,0.523,ball_crossed_rim_zone
event,E00341,shot_made,슛성공,,38371,1279.033,,,,,,,,,,,,,,0.494,ball_crossed_rim_zone
event,E00342,steal_or_block,스틸/블락,,39319,1310.633,1,team_1,,,,,,,,,,55446,55450,0.58,stable_possession_changed_opponent_team;gap_frames=1;left_frames=8;right_frames=21
event,E00343,pass,패스,,39350,1311.667,1,team_1,,,,,,,,,,55447,55446,0.665,stable_possession_changed_same_team;gap_frames=11;left_frames=21;right_frames=11
event,E00344,steal_or_block,스틸/블락,,39380,1312.667,2,team_2,,,,,,,,,,55450,55447,0.595,stable_possession_changed_opponent_team;gap_frames=14;left_frames=11;right_frames=9
event,E00345,steal_or_block,스틸/블락,,39477,1315.9,1,team_1,,,,,,,,,,55738,55579,0.55,stable_possession_changed_opponent_team;gap_frames=27;left_frames=7;right_frames=6
event,E00346,shot_made,슛성공,,39554,1318.467,1,team_1,,,,,,,,,,55867,,0.7,ball_crossed_rim_zone
event,E00347,pass,패스,,39670,1322.333,1,team_1,,,,,,,,,,56094,55954,0.59,stable_possession_changed_same_team;gap_frames=34;left_frames=17;right_frames=6
event,E00348,shot_made,슛성공,,40038,1334.6,2,team_2,,,,,,,,,,56659,,0.666,ball_crossed_rim_zone
event,E00349,steal_or_block,스틸/블락,,40122,1337.4,1,team_1,,,,,,,,,,56494,56659,0.58,stable_possession_changed_opponent_team;gap_frames=13;left_frames=16;right_frames=8
event,E00350,pass,패스,,40144,1338.133,1,team_1,,,,,,,,,,56797,56494,0.605,stable_possession_changed_same_team;gap_frames=1;left_frames=7;right_frames=14
event,E00351,pass,패스,,40217,1340.567,1,team_1,,,,,,,,,,56969,56797,0.68,stable_possession_changed_same_team;gap_frames=3;left_frames=42;right_frames=14
event,E00352,steal_or_block,스틸/블락,,40377,1345.9,2,team_2,,,,,,,,,,57075,57101,0.595,stable_opponent_possession_after_missed_shot_or_block;gap_frames=1;left_frames=16;right_frames=9
event,E00353,shot_missed,슛실패,,40419,1347.3,1,team_1,,,,,,,,,,57157,,0.375,near_rim_no_make_detected
event,E00354,rebound,리바운드,,40425,1347.5,1,team_1,,,,,,,,,,56494,,0.5,offensive_rebound_after_missed_shot_frame=40419
event,E00355,steal_or_block,스틸/블락,,40456,1348.533,1,team_1,,,,,,,,,,56494,57075,0.55,stable_opponent_possession_after_missed_shot_or_block;gap_frames=1;left_frames=13;right_frames=6
event,E00356,pass,패스,,40462,1348.733,1,team_1,,,,,,,,,,57139,56494,0.59,stable_possession_changed_same_team;gap_frames=1;left_frames=6;right_frames=11
event,E00357,shot_made,슛성공,,40909,1363.633,1,team_1,,,,,,,,,,57788,,0.7,ball_crossed_rim_zone
event,E00358,pass,패스,,41164,1372.133,1,team_1,,,,,,,,,,58227,58230,0.59,stable_possession_changed_same_team;gap_frames=15;left_frames=10;right_frames=6
event,E00359,pass,패스,,41207,1373.567,1,team_1,,,,,,,,,,58229,58227,0.59,stable_possession_changed_same_team;gap_frames=38;left_frames=6;right_frames=16
event,E00360,shot_made,슛성공,,41242,1374.733,1,team_1,,,,,,,,,,58229,,0.42,ball_crossed_rim_zone
event,E00361,pass,패스,,41340,1378.0,1,team_1,,,,,,,,,,58227,58225,0.65,stable_possession_changed_same_team;gap_frames=21;left_frames=27;right_frames=10
event,E00362,pass,패스,,41366,1378.867,1,team_1,,,,,,,,,,58797,58227,0.59,stable_possession_changed_same_team;gap_frames=1;left_frames=6;right_frames=36
event,E00363,shot_made,슛성공,,41630,1387.667,2,team_2,,,,,,,,,,59551,,0.36,ball_crossed_rim_zone
event,E00364,pass,패스,,41690,1389.667,2,team_2,,,,,,,,,,59608,59618,0.65,stable_possession_changed_same_team;gap_frames=2;left_frames=13;right_frames=10
event,E00365,shot_made,슛성공,,42584,1419.467,2,team_2,,,,,,,,,,60549,,0.7,ball_crossed_rim_zone
event,E00366,steal_or_block,스틸/블락,,42618,1420.6,1,team_1,,,,,,,,,,60604,60552,0.64,stable_opponent_possession_after_missed_shot_or_block;gap_frames=1;left_frames=12;right_frames=33
event,E00367,shot_missed,슛실패,,42650,1421.667,1,team_1,,,,,,,,,,60604,,0.48,near_rim_no_make_detected
event,E00368,rebound,리바운드,,42712,1423.733,1,team_1,,,,,,,,,,60656,,0.5,offensive_rebound_after_missed_shot_frame=42650
event,E00369,shot_missed,슛실패,,42719,1423.967,1,team_1,,,,,,,,,,60656,,0.345,near_rim_no_make_detected
event,E00370,rebound,리바운드,,42739,1424.633,2,team_2,,,,,,,,,,60760,,0.5,defensive_rebound_after_missed_shot_frame=42719
event,E00371,shot_missed,슛실패,,42768,1425.6,,unknown,,,,,,,,,,60794,,0.375,near_rim_no_make_detected
event,E00372,rebound,리바운드,,42840,1428.0,1,team_1,,,,,,,,,,60843,,0.5,defensive_rebound_after_missed_shot_frame=42768
event,E00373,shot_missed,슛실패,,42909,1430.3,2,team_2,,,,,,,,,,61042,,0.345,near_rim_no_make_detected
event,E00374,rebound,리바운드,,42910,1430.333,2,team_2,,,,,,,,,,61198,,0.5,offensive_rebound_after_missed_shot_frame=42909
event,E00375,shot_made,슛성공,,43024,1434.133,2,team_2,,,,,,,,,,61244,,0.48,ball_crossed_rim_zone
event,E00376,pass,패스,,43195,1439.833,2,team_2,,,,,,,,,,61667,61649,0.62,stable_possession_changed_same_team;gap_frames=1;left_frames=8;right_frames=23
event,E00377,shot_missed,슛실패,,43226,1440.867,2,team_2,,,,,,,,,,61649,,0.33,near_rim_no_make_detected
event,E00378,rebound,리바운드,,43244,1441.467,2,team_2,,,,,,,,,,61667,,0.5,offensive_rebound_after_missed_shot_frame=43226
event,E00379,pass,패스,,43259,1441.967,2,team_2,,,,,,,,,,61712,61667,0.665,stable_possession_changed_same_team;gap_frames=1;left_frames=15;right_frames=11
event,E00380,pass,패스,,43311,1443.7,2,team_2,,,,,,,,,,61667,61712,0.62,stable_possession_changed_same_team;gap_frames=42;left_frames=11;right_frames=8
event,E00381,shot_made,슛성공,,43384,1446.133,2,team_2,,,,,,,,,,61667,,0.7,ball_crossed_rim_zone
event,E00382,shot_missed,슛실패,,43440,1448.0,2,team_2,,,,,,,,,,61822,,0.315,near_rim_no_make_detected
event,E00383,shot_missed,슛실패,,43482,1449.4,2,team_2,,,,,,,,,,61822,,0.345,near_rim_no_make_detected
event,E00384,rebound,리바운드,,43576,1452.533,,unknown,,,,,,,,,,67096,,0.5,defensive_rebound_after_missed_shot_frame=43440
event,E00385,rebound,리바운드,,43576,1452.533,,unknown,,,,,,,,,,67096,,0.5,defensive_rebound_after_missed_shot_frame=43482
event,E00386,pass,패스,,43720,1457.333,1,team_1,,,,,,,,,,61966,61972,0.68,stable_possession_changed_same_team;gap_frames=1;left_frames=70;right_frames=30
event,E00387,shot_made,슛성공,,43915,1463.833,1,team_1,,,,,,,,,,61999,,0.665,ball_crossed_rim_zone
event,E00388,pass,패스,,43989,1466.3,1,team_1,,,,,,,,,,62498,62444,0.605,stable_possession_changed_same_team;gap_frames=2;left_frames=18;right_frames=7
event,E00389,pass,패스,,44040,1468.0,1,team_1,,,,,,,,,,62387,62444,0.68,stable_possession_changed_same_team;gap_frames=1;left_frames=13;right_frames=32
event,E00390,steal_or_block,스틸/블락,,44072,1469.067,2,team_2,,,,,,,,,,62570,62387,0.64,stable_possession_changed_opponent_team;gap_frames=1;left_frames=32;right_frames=13
event,E00391,steal_or_block,스틸/블락,,44111,1470.367,1,team_1,,,,,,,,,,62896,62570,0.64,stable_possession_changed_opponent_team;gap_frames=3;left_frames=18;right_frames=19
event,E00392,steal_or_block,스틸/블락,,44150,1471.667,1,team_1,,,,,,,,,,62896,62977,0.64,stable_possession_changed_opponent_team;gap_frames=1;left_frames=14;right_frames=19
event,E00393,steal_or_block,스틸/블락,,44460,1482.0,2,team_2,,,,,,,,,,63599,63604,0.64,stable_possession_changed_opponent_team;gap_frames=1;left_frames=15;right_frames=12
event,E00394,shot_made,슛성공,,44909,1496.967,2,team_2,,,,,,,,,,64039,,0.48,ball_crossed_rim_zone
event,E00395,pass,패스,,45097,1503.233,1,team_1,,,,,,,,,,64407,64399,0.605,stable_possession_changed_same_team;gap_frames=1;left_frames=7;right_frames=37
event,E00396,pass,패스,,45257,1508.567,1,team_1,,,,,,,,,,64397,64408,0.59,stable_possession_changed_same_team;gap_frames=2;left_frames=25;right_frames=6
event,E00397,pass,패스,,45303,1510.1,1,team_1,,,,,,,,,,64408,64407,0.68,stable_possession_changed_same_team;gap_frames=1;left_frames=29;right_frames=25
event,E00398,pass,패스,,45330,1511.0,1,team_1,,,,,,,,,,64399,64408,0.65,stable_possession_changed_same_team;gap_frames=3;left_frames=25;right_frames=10
event,E00399,pass,패스,,45468,1515.6,1,team_1,,,,,,,,,,64633,64604,0.635,stable_possession_changed_same_team;gap_frames=1;left_frames=12;right_frames=9
event,E00400,pass,패스,,45493,1516.433,1,team_1,,,,,,,,,,64399,64612,0.68,stable_possession_changed_same_team;gap_frames=1;left_frames=12;right_frames=28
event,E00401,pass,패스,,45544,1518.133,1,team_1,,,,,,,,,,64612,64399,0.59,stable_possession_changed_same_team;gap_frames=18;left_frames=28;right_frames=6
event,E00402,pass,패스,,45580,1519.333,1,team_1,,,,,,,,,,64399,64612,0.59,stable_possession_changed_same_team;gap_frames=31;left_frames=6;right_frames=6
event,E00403,pass,패스,,45620,1520.667,1,team_1,,,,,,,,,,64399,64408,0.635,stable_possession_changed_same_team;gap_frames=1;left_frames=34;right_frames=9
event,E00404,shot_missed,슛실패,,45726,1524.2,1,team_1,,,,,,,,,,64880,,0.375,near_rim_no_make_detected
event,E00405,rebound,리바운드,,45740,1524.667,1,team_1,,,,,,,,,,64880,,0.5,offensive_rebound_after_missed_shot_frame=45726
event,E00406,shot_missed,슛실패,,45869,1528.967,2,team_2,,,,,,,,,,65180,,0.45,near_rim_no_make_detected
event,E00407,rebound,리바운드,,45875,1529.167,2,team_2,,,,,,,,,,65180,,0.5,offensive_rebound_after_missed_shot_frame=45869
event,E00408,shot_made,슛성공,,45919,1530.633,2,team_2,,,,,,,,,,65340,,0.33,ball_crossed_rim_zone
event,E00409,pass,패스,,46028,1534.267,1,team_1,,,,,,,,,,65370,64959,0.59,stable_possession_changed_same_team;gap_frames=3;left_frames=6;right_frames=17
event,E00410,pass,패스,,46060,1535.333,1,team_1,,,,,,,,,,64898,65370,0.68,stable_possession_changed_same_team;gap_frames=16;left_frames=17;right_frames=28
event,E00411,pass,패스,,46098,1536.6,1,team_1,,,,,,,,,,65374,65633,0.605,stable_possession_changed_same_team;gap_frames=1;left_frames=7;right_frames=39
event,E00412,steal_or_block,스틸/블락,,46179,1539.3,2,team_2,,,,,,,,,,65741,65697,0.625,stable_opponent_possession_after_missed_shot_or_block;gap_frames=1;left_frames=33;right_frames=11
event,E00413,shot_missed,슛실패,,46223,1540.767,1,team_1,,,,,,,,,,64898,,0.345,near_rim_no_make_detected
event,E00414,rebound,리바운드,,46245,1541.5,2,team_2,,,,,,,,,,65741,,0.5,defensive_rebound_after_missed_shot_frame=46223
event,E00415,shot_made,슛성공,,46259,1541.967,2,team_2,,,,,,,,,,65741,,0.435,ball_crossed_rim_zone
event,E00416,pass,패스,,46338,1544.6,1,team_1,,,,,,,,,,65860,65875,0.62,stable_possession_changed_same_team;gap_frames=1;left_frames=8;right_frames=9
event,E00417,steal_or_block,스틸/블락,,46569,1552.3,2,team_2,,,,,,,,,,66227,65999,0.565,stable_possession_changed_opponent_team;gap_frames=1;left_frames=7;right_frames=15
